beta,seed,algorithm,label,run_tag,status,rounds,best_acc,best_round,last_acc,time,comm_time,comm_MB,energy,time_at_best_acc,comm_time_at_best_acc,comm_MB_at_best_acc,energy_at_best_acc,missing_metrics,suffix
0.5,1,DFL,DFL,cifar10_20260525_143543_seed1_beta0.5_dfl,complete,200,51.20000076293945,162,48.560001373291016,10953.706485273435,7486.345634138421,30262.227779388428,179456.81997441605,8866.328083695902,5977.3020161465065,24221.039096832275,145207.85632839377,,DFL_cifar10_resnet8_200_lr0.01_2026_05_25_14_36_09_numuser10_clientSelection_comprehensive_0.8_0.0_0.2_tagcifar10_20260525_143543_seed1_beta0.5_dfl
0.5,1,DFedPGP,DFedPGP,cifar10_20260525_143543_seed1_beta0.5_dfedpgp,complete,200,46.34000015258789,151,36.92499923706055,12300.957338377955,7486.345634138421,30230.42544746399,205098.76995909013,9309.065941884763,5532.733933904055,22452.603649139404,154785.4242129267,,DFedPGP_cifar10_resnet8_200_lr0.01_2026_05_25_14_36_09_numuser10_clientSelection_comprehensive_0.8_0.0_0.2_tagcifar10_20260525_143543_seed1_beta0.5_dfedpgp
0.5,1,LD_SGD,LD-SGD,cifar10_20260525_143543_seed1_beta0.5_ldsgd,complete,200,48.25,170,46.040000915527344,8562.013029885866,3042.1879749830823,12420.0835647583,149974.81480641197,7300.480340893436,2525.8553604041995,10431.369277954102,127386.06118232448,,LD_SGD_cifar10_resnet8_200_lr0.01_2026_05_25_14_36_09_numuser10_clientSelection_comprehensive_0.8_0.0_0.2_tagcifar10_20260525_143543_seed1_beta0.5_ldsgd
0.1,1,DFL,DFL,cifar10_20260525_143543_seed1_beta0.1_dfl,complete,200,34.05999946594238,196,32.695000648498535,10953.706485273435,7486.345634138421,30262.227779388428,179456.81997441605,10754.787928802658,7318.276526222318,29586.815380096436,175727.85183717762,,DFL_cifar10_resnet8_200_lr0.01_2026_05_25_14_36_09_numuser10_clientSelection_comprehensive_0.8_0.0_0.2_tagcifar10_20260525_143543_seed1_beta0.1_dfl
0.1,1,DFedPGP,DFedPGP,cifar10_20260525_143543_seed1_beta0.1_dfedpgp,complete,200,29.545000076293945,155,21.615000247955322,12300.957338377955,7486.345634138421,30230.42544746399,205098.76995909013,9537.5325801638,5701.949895901011,23127.30626296997,158959.95412854347,,DFedPGP_cifar10_resnet8_200_lr0.01_2026_05_25_14_36_09_numuser10_clientSelection_comprehensive_0.8_0.0_0.2_tagcifar10_20260525_143543_seed1_beta0.1_dfedpgp
0.1,1,LD_SGD,LD-SGD,cifar10_20260525_143543_seed1_beta0.1_ldsgd,complete,200,33.11999988555908,127,29.94499969482422,8562.013029885866,3042.1879749830823,12420.0835647583,149974.81480641197,5361.627882620253,1800.3407065568565,7448.297847747803,94187.27974099395,,LD_SGD_cifar10_resnet8_200_lr0.01_2026_05_25_14_36_09_numuser10_clientSelection_comprehensive_0.8_0.0_0.2_tagcifar10_20260525_143543_seed1_beta0.1_ldsgd
0.05,1,DFL_MM,DFL-MM,cifar10_20260525_143543_seed1_beta0.05_dflmm,complete,200,31.335000038146973,176,18.644999980926514,6685.6000812354705,1659.8070810320655,14985.382080078125,146382.76784675513,5902.278880891715,1489.273347427495,13187.13623046875,129188.29355861123,,DFL_MM_cifar10_resnet8_200_lr0.01_2026_05_25_14_36_09_numuser10_clientSelection_comprehensive_0.8_0.0_0.2_tagcifar10_20260525_143543_seed1_beta0.05_dflmm
0.05,1,AutoRL_DFL_MM,AutoRL,cifar10_20260525_143543_seed1_beta0.05_autorl,complete,200,30.020000457763672,152,15.990000247955322,6912.215823813101,1859.9490587749492,7767.24259185791,147870.05476867003,5215.329599408629,1456.0040616259532,6303.849060058594,112026.68503378224,,AutoRL_DFL_MM_cifar10_resnet8_200_lr0.01_2026_05_25_14_36_09_numuser10_clientSelection_autorl_tagcifar10_20260525_143543_seed1_beta0.05_autorl
0.05,1,DFL,DFL,cifar10_20260525_143543_seed1_beta0.05_dfl,complete,200,28.130000114440918,144,27.390000343322754,10953.706485273435,7486.345634138421,30262.227779388428,179456.81997441605,7872.583395899639,5308.127127995562,21594.43532180786,129186.91873982578,,DFL_cifar10_resnet8_200_lr0.01_2026_05_25_14_36_10_numuser10_clientSelection_comprehensive_0.8_0.0_0.2_tagcifar10_20260525_143543_seed1_beta0.05_dfl
0.05,1,DFedPGP,DFedPGP,cifar10_20260525_143543_seed1_beta0.05_dfedpgp,complete,200,21.954999923706055,109,12.039999961853027,12300.957338377955,7486.345634138421,30230.42544746399,205098.76995909013,6515.668802404317,3957.766169259198,16117.895774841309,110884.97967857221,,DFedPGP_cifar10_resnet8_200_lr0.01_2026_05_25_15_22_33_numuser10_clientSelection_comprehensive_0.8_0.0_0.2_tagcifar10_20260525_143543_seed1_beta0.05_dfedpgp
0.05,1,LD_SGD,LD-SGD,cifar10_20260525_143543_seed1_beta0.05_ldsgd,complete,200,25.335000038146973,189,24.710000038146973,8562.013029885866,3042.1879749830823,12420.0835647583,149974.81480641197,8025.5805650245,2830.724133320854,11557.056610107422,141015.53734278784,,LD_SGD_cifar10_resnet8_200_lr0.01_2026_05_25_15_23_21_numuser10_clientSelection_comprehensive_0.8_0.0_0.2_tagcifar10_20260525_143543_seed1_beta0.05_ldsgd
0.01,1,DFL_MM,DFL-MM,cifar10_20260525_143543_seed1_beta0.01_dflmm,complete,200,17.125,187,10.0,6978.150541066276,1625.3212614361507,14985.382080078125,145690.4775188707,6498.070938630625,1522.6415898419596,14011.332244873047,135724.06042722656,,DFL_MM_cifar10_resnet8_200_lr0.01_2026_05_25_15_23_43_numuser10_clientSelection_comprehensive_0.8_0.0_0.2_tagcifar10_20260525_143543_seed1_beta0.01_dflmm
0.01,1,AutoRL_DFL_MM,AutoRL,cifar10_20260525_143543_seed1_beta0.01_autorl,complete,200,17.94499969482422,174,13.125,6541.445715378238,1916.2824258310277,8161.233158111572,144134.3974681128,5664.758384428752,1774.6733096992607,7410.774936676025,125643.54229767065,,AutoRL_DFL_MM_cifar10_resnet8_200_lr0.01_2026_05_25_15_23_44_numuser10_clientSelection_autorl_tagcifar10_20260525_143543_seed1_beta0.01_autorl
0.01,1,DFL,DFL,cifar10_20260525_143543_seed1_beta0.01_dfl,complete,200,19.360000610351562,162,16.41999912261963,10953.706485273435,7486.345634138421,30262.227779388428,179456.81997441605,8866.328083695902,5977.3020161465065,24221.039096832275,145207.85632839377,,DFL_cifar10_resnet8_200_lr0.01_2026_05_25_15_23_54_numuser10_clientSelection_comprehensive_0.8_0.0_0.2_tagcifar10_20260525_143543_seed1_beta0.01_dfl
0.01,1,DFedPGP,DFedPGP,cifar10_20260525_143543_seed1_beta0.01_dfedpgp,complete,200,13.730000019073486,198,12.755000114440918,12300.957338377955,7486.345634138421,30230.42544746399,205098.76995909013,12188.35122996174,7395.591961919211,29855.590662002563,202985.29815601074,,DFedPGP_cifar10_resnet8_200_lr0.01_2026_05_25_15_24_12_numuser10_clientSelection_comprehensive_0.8_0.0_0.2_tagcifar10_20260525_143543_seed1_beta0.01_dfedpgp
0.01,1,LD_SGD,LD-SGD,cifar10_20260525_143543_seed1_beta0.01_ldsgd,complete,200,17.56999969482422,164,15.549999713897705,8562.013029885866,3042.1879749830823,12420.0835647583,149974.81480641197,7015.409655001835,2399.017402907042,9943.571434020996,122304.65014073616,,LD_SGD_cifar10_resnet8_200_lr0.01_2026_05_25_15_24_43_numuser10_clientSelection_comprehensive_0.8_0.0_0.2_tagcifar10_20260525_143543_seed1_beta0.01_ldsgd
0.5,42,DFL,DFL,cifar10_20260525_143543_seed42_beta0.5_dfl,complete,200,48.2549991607666,162,46.08500099182129,10442.06414533255,7391.485602080574,29830.71430206299,178454.96571063282,8485.118113732058,5995.54018429074,24052.185997009277,144266.84041789055,,DFL_cifar10_resnet8_200_lr0.01_2026_05_25_15_32_03_numuser10_clientSelection_comprehensive_0.8_0.0_0.2_tagcifar10_20260525_143543_seed42_beta0.5_dfl
0.5,42,DFedPGP,DFedPGP,cifar10_20260525_143543_seed42_beta0.5_dfedpgp,complete,200,41.34499931335449,185,40.4950008392334,11689.918602842798,7391.485602080574,29799.36544418335,204078.13698642663,10851.536889955392,6880.692586019404,27625.32368850708,188886.3358741485,,DFedPGP_cifar10_resnet8_200_lr0.01_2026_05_25_15_35_41_numuser10_clientSelection_comprehensive_0.8_0.0_0.2_tagcifar10_20260525_143543_seed42_beta0.5_dfedpgp
0.5,42,LD_SGD,LD-SGD,cifar10_20260525_143543_seed42_beta0.5_ldsgd,complete,200,47.13999938964844,174,44.21500015258789,8084.367487299984,2953.4835612412635,11744.671165466309,146114.86859156605,7033.547860628118,2555.0463194734252,10149.947444915771,127169.07318382153,,LD_SGD_cifar10_resnet8_200_lr0.01_2026_05_25_16_09_32_numuser10_clientSelection_comprehensive_0.8_0.0_0.2_tagcifar10_20260525_143543_seed42_beta0.5_ldsgd
0.1,42,DFL,DFL,cifar10_20260525_143543_seed42_beta0.1_dfl,complete,200,34.505001068115234,182,31.8149995803833,10442.06414533255,7391.485602080574,29830.71430206299,178454.96571063282,9574.795817044074,6754.0063638086685,27129.06470489502,162495.22959037087,,DFL_cifar10_resnet8_200_lr0.01_2026_05_25_16_10_42_numuser10_clientSelection_comprehensive_0.8_0.0_0.2_tagcifar10_20260525_143543_seed42_beta0.1_dfl
0.1,42,DFedPGP,DFedPGP,cifar10_20260525_143543_seed42_beta0.1_dfedpgp,complete,200,23.585000038146973,109,22.985000610351562,11689.918602842798,7391.485602080574,29799.36544418335,204078.13698642663,6240.814525852651,4050.0379309727277,16267.829689025879,111459.06113943903,,DFedPGP_cifar10_resnet8_200_lr0.01_2026_05_25_16_11_16_numuser10_clientSelection_comprehensive_0.8_0.0_0.2_tagcifar10_20260525_143543_seed42_beta0.1_dfedpgp
0.1,42,LD_SGD,LD-SGD,cifar10_20260525_143543_seed42_beta0.1_ldsgd,complete,200,31.550000190734863,165,27.274999618530273,8084.367487299984,2953.4835612412635,11744.671165466309,146114.86859156605,6683.466075254969,2411.650023015458,9643.388145446777,120792.4565783951,,LD_SGD_cifar10_resnet8_200_lr0.01_2026_05_25_16_12_05_numuser10_clientSelection_comprehensive_0.8_0.0_0.2_tagcifar10_20260525_143543_seed42_beta0.1_ldsgd
0.05,42,DFL_MM,DFL-MM,cifar10_20260525_143543_seed42_beta0.05_dflmm,complete,200,27.890000343322754,184,20.77500057220459,6680.593643139497,1643.3993619974347,14985.382080078125,145170.00681874633,6164.022171781155,1496.9720415310205,13786.551513671875,133308.64911492454,,DFL_MM_cifar10_resnet8_200_lr0.01_2026_05_25_16_13_31_numuser10_clientSelection_comprehensive_0.8_0.0_0.2_tagcifar10_20260525_143543_seed42_beta0.05_dflmm
0.05,42,AutoRL_DFL_MM,AutoRL,cifar10_20260525_143543_seed42_beta0.05_autorl,complete,200,24.385000228881836,174,20.725000381469727,7222.750780029103,1827.2494509592752,8311.324802398682,150435.7081961832,6014.732618476367,1651.907526147157,7485.82075881958,129361.70716453898,,AutoRL_DFL_MM_cifar10_resnet8_200_lr0.01_2026_05_25_16_17_36_numuser10_clientSelection_autorl_tagcifar10_20260525_143543_seed42_beta0.05_autorl
0.05,42,DFL,DFL,cifar10_20260525_143543_seed42_beta0.05_dfl,complete,200,26.145000457763672,184,20.0,10442.06414533255,7391.485602080574,29830.71430206299,178454.96571063282,9651.500671279022,6839.441822389383,27466.770904541016,164280.41270946697,,DFL_cifar10_resnet8_200_lr0.01_2026_05_25_16_17_47_numuser10_clientSelection_comprehensive_0.8_0.0_0.2_tagcifar10_20260525_143543_seed42_beta0.05_dfl
0.05,42,DFedPGP,DFedPGP,cifar10_20260525_143543_seed42_beta0.05_dfedpgp,complete,200,17.77999973297119,180,14.934999942779541,11689.918602842798,7391.485602080574,29799.36544418335,204078.13698642663,10579.890774157733,6694.629125275829,26819.428899765015,183701.78290043303,,DFedPGP_cifar10_resnet8_200_lr0.01_2026_05_25_16_19_56_numuser10_clientSelection_comprehensive_0.8_0.0_0.2_tagcifar10_20260525_143543_seed42_beta0.05_dfedpgp
0.05,42,LD_SGD,LD-SGD,cifar10_20260525_143543_seed42_beta0.05_ldsgd,complete,200,25.074999809265137,184,17.09999942779541,8084.367487299984,2953.4835612412635,11744.671165466309,146114.86859156605,7468.396932222113,2707.8633641986935,10769.075477600098,134791.11018892477,,LD_SGD_cifar10_resnet8_200_lr0.01_2026_05_25_16_21_22_numuser10_clientSelection_comprehensive_0.8_0.0_0.2_tagcifar10_20260525_143543_seed42_beta0.05_ldsgd
0.01,42,DFL_MM,DFL-MM,cifar10_20260525_143543_seed42_beta0.01_dflmm,complete,200,18.78499984741211,20,18.18000030517578,6979.874933027146,1699.752084704041,14985.382080078125,145578.195979529,657.9867053375118,188.59310581796964,1498.5382080078125,14283.860418419232,,DFL_MM_cifar10_resnet8_200_lr0.01_2026_05_25_16_22_15_numuser10_clientSelection_comprehensive_0.8_0.0_0.2_tagcifar10_20260525_143543_seed42_beta0.01_dflmm
0.01,42,AutoRL_DFL_MM,AutoRL,cifar10_20260525_143543_seed42_beta0.01_autorl,complete,200,21.93000030517578,165,10.0,7219.880849920214,1956.9655171038562,8517.700813293457,148223.1059235637,5866.982400134868,1733.657846619493,7373.252025604248,121167.65575153675,,AutoRL_DFL_MM_cifar10_resnet8_200_lr0.01_2026_05_25_16_25_04_numuser10_clientSelection_autorl_tagcifar10_20260525_143543_seed42_beta0.01_autorl
0.01,42,DFL,DFL,cifar10_20260525_143543_seed42_beta0.01_dfl,complete,200,23.065000534057617,172,19.5,10442.06414533255,7391.485602080574,29830.71430206299,178454.96571063282,8984.617638953478,6392.93828606437,25571.86389541626,153355.48336288586,,DFL_cifar10_resnet8_200_lr0.01_2026_05_25_16_32_43_numuser10_clientSelection_comprehensive_0.8_0.0_0.2_tagcifar10_20260525_143543_seed42_beta0.01_dfl
0.01,42,DFedPGP,DFedPGP,cifar10_20260525_143543_seed42_beta0.01_dfedpgp,complete,200,16.889999866485596,84,10.0,11689.918602842798,7391.485602080574,29799.36544418335,204078.13698642663,4872.426879195727,3154.2011847350277,12725.640966415405,86779.26258800377,,DFedPGP_cifar10_resnet8_200_lr0.01_2026_05_25_16_58_00_numuser10_clientSelection_comprehensive_0.8_0.0_0.2_tagcifar10_20260525_143543_seed42_beta0.01_dfedpgp
0.01,42,LD_SGD,LD-SGD,cifar10_20260525_143543_seed42_beta0.01_ldsgd,complete,200,22.244999885559082,169,19.324999809265137,8084.367487299984,2953.4835612412635,11744.671165466309,146114.86859156605,6816.161792623805,2463.4505018102545,9812.241245269775,123575.11420315281,,LD_SGD_cifar10_resnet8_200_lr0.01_2026_05_25_17_00_28_numuser10_clientSelection_comprehensive_0.8_0.0_0.2_tagcifar10_20260525_143543_seed42_beta0.01_ldsgd
0.5,1024,DFL,DFL,cifar10_20260525_143543_seed1024_beta0.5_dfl,complete,200,49.32500076293945,178,48.78000068664551,11391.636524804004,7467.101471686377,30337.273601531982,185851.96062504832,10102.264577409485,6726.792026155954,27091.541793823242,166132.83407043893,,DFL_cifar10_resnet8_200_lr0.01_2026_05_25_17_08_53_numuser10_clientSelection_comprehensive_0.8_0.0_0.2_tagcifar10_20260525_143543_seed1024_beta0.5_dfl
0.5,1024,DFedPGP,DFedPGP,cifar10_20260525_143543_seed1024_beta0.5_dfedpgp,complete,200,43.625,137,39.0,12832.093421675792,7467.101471686377,30305.392404556274,212612.86870841234,8588.655865466497,5170.700788433883,20897.039289474487,146005.55683910078,,DFedPGP_cifar10_resnet8_200_lr0.01_2026_05_25_17_10_01_numuser10_clientSelection_comprehensive_0.8_0.0_0.2_tagcifar10_20260525_143543_seed1024_beta0.5_dfedpgp
0.5,1024,LD_SGD,LD-SGD,cifar10_20260525_143543_seed1024_beta0.5_ldsgd,complete,200,47.63999938964844,175,47.25,8938.95857291388,2870.3768822868456,11763.432621002197,155404.19942570935,7733.795237667636,2504.4637831288032,10300.03908920288,135503.4504313821,,LD_SGD_cifar10_resnet8_200_lr0.01_2026_05_25_17_10_58_numuser10_clientSelection_comprehensive_0.8_0.0_0.2_tagcifar10_20260525_143543_seed1024_beta0.5_ldsgd
0.1,1024,DFL,DFL,cifar10_20260525_143543_seed1024_beta0.1_dfl,complete,200,38.114999771118164,193,37.31500053405762,11391.636524804004,7467.101471686377,30337.273601531982,185851.96062504832,10973.642797738903,7233.706078635547,29305.393547058105,179397.0567609408,,DFL_cifar10_resnet8_200_lr0.01_2026_05_25_17_16_20_numuser10_clientSelection_comprehensive_0.8_0.0_0.2_tagcifar10_20260525_143543_seed1024_beta0.1_dfl
0.1,1024,DFedPGP,DFedPGP,cifar10_20260525_143543_seed1024_beta0.1_dfedpgp,complete,200,28.97000026702881,120,20.329999923706055,12832.093421675792,7467.101471686377,30305.392404556274,212612.86870841234,7580.2483504107095,4517.719417566325,18291.937530517578,128820.92870210901,,DFedPGP_cifar10_resnet8_200_lr0.01_2026_05_25_17_17_04_numuser10_clientSelection_comprehensive_0.8_0.0_0.2_tagcifar10_20260525_143543_seed1024_beta0.1_dfedpgp
0.1,1024,LD_SGD,LD-SGD,cifar10_20260525_143543_seed1024_beta0.1_ldsgd,complete,200,35.97500038146973,179,34.795000076293945,8938.95857291388,2870.3768822868456,11763.432621002197,155404.19942570935,7926.611731116723,2539.30477999968,10468.892189025879,138546.49644722333,,LD_SGD_cifar10_resnet8_200_lr0.01_2026_05_25_17_21_27_numuser10_clientSelection_comprehensive_0.8_0.0_0.2_tagcifar10_20260525_143543_seed1024_beta0.1_ldsgd
0.05,1024,DFL_MM,DFL-MM,cifar10_20260525_143543_seed1024_beta0.05_dflmm,complete,200,31.274998664855957,146,16.675000190734863,7692.886057339194,1783.5410492053281,14985.382080078125,154604.8584935297,5621.687410677997,1310.3029467756894,10939.328918457031,113906.76615797121,,DFL_MM_cifar10_resnet8_200_lr0.01_2026_05_25_17_25_20_numuser10_clientSelection_comprehensive_0.8_0.0_0.2_tagcifar10_20260525_143543_seed1024_beta0.05_dflmm
0.05,1024,AutoRL_DFL_MM,AutoRL,cifar10_20260525_143543_seed1024_beta0.05_autorl,complete,200,39.9900016784668,118,25.639999389648438,7510.930858535746,1813.0716853107022,7748.4811363220215,156526.44263270413,3958.3167495909906,1148.406060453589,5084.35445022583,89503.44223258762,,AutoRL_DFL_MM_cifar10_resnet8_200_lr0.01_2026_05_25_17_48_56_numuser10_clientSelection_autorl_tagcifar10_20260525_143543_seed1024_beta0.05_autorl
0.05,1024,DFL,DFL,cifar10_20260525_143543_seed1024_beta0.05_dfl,complete,200,36.795000076293945,189,32.90999984741211,11391.636524804004,7467.101471686377,30337.273601531982,185851.96062504832,10760.915509050965,7107.980006242028,28742.549880981445,176256.8015174207,,DFL_cifar10_resnet8_200_lr0.01_2026_05_25_17_49_50_numuser10_clientSelection_comprehensive_0.8_0.0_0.2_tagcifar10_20260525_143543_seed1024_beta0.05_dfl
0.05,1024,DFedPGP,DFedPGP,cifar10_20260525_143543_seed1024_beta0.05_dfedpgp,complete,200,26.4350004196167,181,21.34000015258789,12832.093421675792,7467.101471686377,30305.392404556274,212612.86870841234,11607.151298649535,6842.535241291843,27569.098470687866,193356.51153295886,,DFedPGP_cifar10_resnet8_200_lr0.01_2026_05_25_17_53_07_numuser10_clientSelection_comprehensive_0.8_0.0_0.2_tagcifar10_20260525_143543_seed1024_beta0.05_dfedpgp
0.05,1024,LD_SGD,LD-SGD,cifar10_20260525_143543_seed1024_beta0.05_ldsgd,complete,200,34.21999931335449,189,31.210000038146973,8938.95857291388,2870.3768822868456,11763.432621002197,155404.19942570935,8413.861627794871,2694.6008631972377,11069.258766174316,146582.5804798236,,LD_SGD_cifar10_resnet8_200_lr0.01_2026_05_25_17_53_27_numuser10_clientSelection_comprehensive_0.8_0.0_0.2_tagcifar10_20260525_143543_seed1024_beta0.05_ldsgd
0.01,1024,DFL_MM,DFL-MM,cifar10_20260525_143543_seed1024_beta0.01_dflmm,complete,200,18.27999973297119,15,10.0,7741.709486943047,1603.1854265452387,14985.382080078125,153828.0395482777,547.748107902045,97.56851157230979,1123.9036560058594,11555.649028816977,,DFL_MM_cifar10_resnet8_200_lr0.01_2026_05_25_17_55_48_numuser10_clientSelection_comprehensive_0.8_0.0_0.2_tagcifar10_20260525_143543_seed1024_beta0.01_dflmm
0.01,1024,AutoRL_DFL_MM,AutoRL,cifar10_20260525_143543_seed1024_beta0.01_autorl,complete,200,20.96500015258789,184,19.835000038146973,7839.3723939074425,1781.871800411323,8480.17790222168,155693.91811080722,7094.33419288882,1749.7902112600864,8198.75606918335,143073.91894988643,,AutoRL_DFL_MM_cifar10_resnet8_200_lr0.01_2026_05_25_17_58_32_numuser10_clientSelection_autorl_tagcifar10_20260525_143543_seed1024_beta0.01_autorl
0.01,1024,DFL,DFL,cifar10_20260525_143543_seed1024_beta0.01_dfl,complete,200,23.269999504089355,143,22.940000534057617,11391.636524804004,7467.101471686377,30337.273601531982,185851.96062504832,7990.943414467819,5407.317622665795,21857.095699310303,133472.26380875177,,DFL_cifar10_resnet8_200_lr0.01_2026_05_25_17_59_50_numuser10_clientSelection_comprehensive_0.8_0.0_0.2_tagcifar10_20260525_143543_seed1024_beta0.01_dfl
0.01,1024,DFedPGP,DFedPGP,cifar10_20260525_143543_seed1024_beta0.01_dfedpgp,complete,200,16.765000343322754,119,13.21500015258789,12832.093421675792,7467.101471686377,30305.392404556274,212612.86870841234,7536.82402845437,4466.909980835404,18123.261877059937,127478.72292556048,,DFedPGP_cifar10_resnet8_200_lr0.01_2026_05_25_18_04_13_numuser10_clientSelection_comprehensive_0.8_0.0_0.2_tagcifar10_20260525_143543_seed1024_beta0.01_dfedpgp
0.01,1024,LD_SGD,LD-SGD,cifar10_20260525_143543_seed1024_beta0.01_ldsgd,complete,200,21.949999809265137,200,21.949999809265137,8938.95857291388,2870.3768822868456,11763.432621002197,155404.19942570935,8938.95857291388,2870.3768822868456,11763.432621002197,155404.19942570935,,LD_SGD_cifar10_resnet8_200_lr0.01_2026_05_25_18_05_25_numuser10_clientSelection_comprehensive_0.8_0.0_0.2_tagcifar10_20260525_143543_seed1024_beta0.01_ldsgd
