beta,seed,algorithm,metric,sha256,source
0.01,1,AutoRL_DFL_MM,test_acc,b4f7f5d205180e6c777db06dde8a3ab92a3f30e475fad995fbe52fae456d17f3,output/5/0.01/test_acc_AutoRL_DFL_MM_TinyImagenet_resnet8_200_lr0.01_2026_05_22_23_59_01_numuser10_clientSelection_autorl_tagseed1_beta0.01_autorl
0.01,1,AutoRL_DFL_MM,time,039d092ad4790e3341badd9ff597daec3f6b183e2bf8c26ca8844dddb2b1efec,output/5/0.01/time_AutoRL_DFL_MM_TinyImagenet_resnet8_200_lr0.01_2026_05_22_23_59_01_numuser10_clientSelection_autorl_tagseed1_beta0.01_autorl
0.01,1,AutoRL_DFL_MM,comm,35f1a65f7dc8185101cee073efe8f825dd5cb2531ad139e57a7f0285a29b1489,output/5/0.01/comm_AutoRL_DFL_MM_TinyImagenet_resnet8_200_lr0.01_2026_05_22_23_59_01_numuser10_clientSelection_autorl_tagseed1_beta0.01_autorl
0.01,1,DFL,test_acc,02d35087e80d92a60e9061e22e869dc7628a8d4a66803e2890023790706fb463,output/5/0.01/test_acc_DFL_TinyImagenet_resnet8_200_lr0.01_2026_05_24_18_57_49_numuser10_clientSelection_comprehensive_0.8_0.0_0.2_tagseed1_beta0.01_dfl
0.01,1,DFL,time,0b39a8c9c1f9263b0f79ff7fd83e8cb41a03d13df1d293370d58f6962edd1b4d,output/5/0.01/time_DFL_TinyImagenet_resnet8_200_lr0.01_2026_05_24_18_57_49_numuser10_clientSelection_comprehensive_0.8_0.0_0.2_tagseed1_beta0.01_dfl
0.01,1,DFL,comm,21f322d02ed8859d48a82f5f92d570c2221c56db8de729e0c01561523122af33,output/5/0.01/comm_DFL_TinyImagenet_resnet8_200_lr0.01_2026_05_24_18_57_49_numuser10_clientSelection_comprehensive_0.8_0.0_0.2_tagseed1_beta0.01_dfl
0.01,1,DFL_MM,test_acc,e1cf086e29d33450130df8abde171ecba0d284efb4dd8646793c0a1df625b20b,output/5/0.01/test_acc_DFL_MM_TinyImagenet_resnet8_200_lr0.01_2026_05_22_23_59_01_numuser10_clientSelection_comprehensive_0.8_0.0_0.2_tagseed1_beta0.01_dflmm
0.01,1,DFL_MM,time,39e2840e750352ef4c633fed90d2b4b97aeed2ef31fa57c16a95789fd41bcb57,output/5/0.01/time_DFL_MM_TinyImagenet_resnet8_200_lr0.01_2026_05_22_23_59_01_numuser10_clientSelection_comprehensive_0.8_0.0_0.2_tagseed1_beta0.01_dflmm
0.01,1,DFL_MM,comm,66cb89a33c42f08a09afa6f5b3936fb8fa5ae8e8e9a049152a754a132df044c8,output/5/0.01/comm_DFL_MM_TinyImagenet_resnet8_200_lr0.01_2026_05_22_23_59_01_numuser10_clientSelection_comprehensive_0.8_0.0_0.2_tagseed1_beta0.01_dflmm
0.01,1,DFedPGP,test_acc,0729157911edc08992e50515b1b5ccf29e88c9b0d8e2b8993f5720c23b79893f,output/5/0.01/test_acc_DFedPGP_TinyImagenet_resnet8_200_lr0.01_2026_05_24_19_01_03_numuser10_clientSelection_comprehensive_0.8_0.0_0.2_tagseed1_beta0.01_dfedpgp
0.01,1,DFedPGP,time,f04077e3c8574e882233594d19141ee700793402573dc8d49512d57293897a58,output/5/0.01/time_DFedPGP_TinyImagenet_resnet8_200_lr0.01_2026_05_24_19_01_03_numuser10_clientSelection_comprehensive_0.8_0.0_0.2_tagseed1_beta0.01_dfedpgp
0.01,1,DFedPGP,comm,8007e2931c992c8bf6485aba2a461b33c099ac244fb4ef2801624ceb8ca25131,output/5/0.01/comm_DFedPGP_TinyImagenet_resnet8_200_lr0.01_2026_05_24_19_01_03_numuser10_clientSelection_comprehensive_0.8_0.0_0.2_tagseed1_beta0.01_dfedpgp
0.01,1,LD_SGD,test_acc,ec76044508461d7f2c75973d16f51fc408e32f75e05fddc1c5d425134321643e,output/5/0.01/test_acc_LD_SGD_TinyImagenet_resnet8_200_lr0.01_2026_05_24_19_16_31_numuser10_clientSelection_comprehensive_0.8_0.0_0.2_tagseed1_beta0.01_ldsgd
0.01,1,LD_SGD,time,be785b65da858952043156e5ab78453693d7addf8082b49b429d26562a8318c9,output/5/0.01/time_LD_SGD_TinyImagenet_resnet8_200_lr0.01_2026_05_24_19_16_31_numuser10_clientSelection_comprehensive_0.8_0.0_0.2_tagseed1_beta0.01_ldsgd
0.01,1,LD_SGD,comm,f9d60fee0f821994f08b73e289945907f00930dedb8099a4685db559eae520aa,output/5/0.01/comm_LD_SGD_TinyImagenet_resnet8_200_lr0.01_2026_05_24_19_16_31_numuser10_clientSelection_comprehensive_0.8_0.0_0.2_tagseed1_beta0.01_ldsgd
0.01,42,AutoRL_DFL_MM,test_acc,1760d0441cc34d5b7dcfac98ca88f36a1bb2082bf9188ba7d8949ab81d1584e5,output/5/0.01/test_acc_AutoRL_DFL_MM_TinyImagenet_resnet8_200_lr0.01_2026_05_23_03_35_27_numuser10_clientSelection_autorl_tagseed42_beta0.01_autorl
0.01,42,AutoRL_DFL_MM,time,260e9ec914f962f45c23f69c5c6cb6c71b4e38141bc6afcf13ff399f77fe745a,output/5/0.01/time_AutoRL_DFL_MM_TinyImagenet_resnet8_200_lr0.01_2026_05_23_03_35_27_numuser10_clientSelection_autorl_tagseed42_beta0.01_autorl
0.01,42,AutoRL_DFL_MM,comm,be969fb1e3a3bc1e4c3a93b798cff1b67543ef7659689438b6e0ffe17c82fe44,output/5/0.01/comm_AutoRL_DFL_MM_TinyImagenet_resnet8_200_lr0.01_2026_05_23_03_35_27_numuser10_clientSelection_autorl_tagseed42_beta0.01_autorl
0.01,42,DFL,test_acc,f28e2d0b538d82740bcb9dc047d60b33bb116942756f28a2be32b49a7005135e,output/5/0.01/test_acc_DFL_TinyImagenet_resnet8_200_lr0.01_2026_05_25_02_15_36_numuser10_clientSelection_comprehensive_0.8_0.0_0.2_tagseed42_beta0.01_dfl
0.01,42,DFL,time,ae92198306f41fbc8a08413ff538cc4d12ff37e3d7483efd753a10475c793419,output/5/0.01/time_DFL_TinyImagenet_resnet8_200_lr0.01_2026_05_25_02_15_36_numuser10_clientSelection_comprehensive_0.8_0.0_0.2_tagseed42_beta0.01_dfl
0.01,42,DFL,comm,afc2a55422a63f0e831df39726d5aa7f4161f5b2553c84454fcc02759861e8cb,output/5/0.01/comm_DFL_TinyImagenet_resnet8_200_lr0.01_2026_05_25_02_15_36_numuser10_clientSelection_comprehensive_0.8_0.0_0.2_tagseed42_beta0.01_dfl
0.01,42,DFL_MM,test_acc,11739caffe61b81efd84191db8af8c7f30a0af6e1e693d690cc1cf4f0080ef63,output/5/0.01/test_acc_DFL_MM_TinyImagenet_resnet8_200_lr0.01_2026_05_23_03_01_24_numuser10_clientSelection_comprehensive_0.8_0.0_0.2_tagseed42_beta0.01_dflmm
0.01,42,DFL_MM,time,82fdb0a86699d456950bb10454cbab8e53964afc3161ccc11c297206963e2cba,output/5/0.01/time_DFL_MM_TinyImagenet_resnet8_200_lr0.01_2026_05_23_03_01_24_numuser10_clientSelection_comprehensive_0.8_0.0_0.2_tagseed42_beta0.01_dflmm
0.01,42,DFL_MM,comm,66cb89a33c42f08a09afa6f5b3936fb8fa5ae8e8e9a049152a754a132df044c8,output/5/0.01/comm_DFL_MM_TinyImagenet_resnet8_200_lr0.01_2026_05_23_03_01_24_numuser10_clientSelection_comprehensive_0.8_0.0_0.2_tagseed42_beta0.01_dflmm
0.01,42,DFedPGP,test_acc,c59263cdebecbb0ca52060abee3b8e096a99f11be3ade352895d2c366fafe335,output/5/0.01/test_acc_DFedPGP_TinyImagenet_resnet8_200_lr0.01_2026_05_25_02_38_34_numuser10_clientSelection_comprehensive_0.8_0.0_0.2_tagseed42_beta0.01_dfedpgp
0.01,42,DFedPGP,time,5d4cce301c91a05bcbfe547fa3bb1627a4d944a412636080fb89b4a013574767,output/5/0.01/time_DFedPGP_TinyImagenet_resnet8_200_lr0.01_2026_05_25_02_38_34_numuser10_clientSelection_comprehensive_0.8_0.0_0.2_tagseed42_beta0.01_dfedpgp
0.01,42,DFedPGP,comm,f56a1f3c9f3bb1e48efb1dd595be65cc272bd4e5d90aa8139fe25b6dcb8a6ee7,output/5/0.01/comm_DFedPGP_TinyImagenet_resnet8_200_lr0.01_2026_05_25_02_38_34_numuser10_clientSelection_comprehensive_0.8_0.0_0.2_tagseed42_beta0.01_dfedpgp
0.01,42,LD_SGD,test_acc,8de9bd4084465d898fbe920d5989884ba4383f27d819773fd0f1916d59608221,output/5/0.01/test_acc_LD_SGD_TinyImagenet_resnet8_200_lr0.01_2026_05_25_02_45_03_numuser10_clientSelection_comprehensive_0.8_0.0_0.2_tagseed42_beta0.01_ldsgd
0.01,42,LD_SGD,time,c49c6bd9d08d7ab50b219f5d121fffb2d9de8d8088066b5f9e6e6793a8778c10,output/5/0.01/time_LD_SGD_TinyImagenet_resnet8_200_lr0.01_2026_05_25_02_45_03_numuser10_clientSelection_comprehensive_0.8_0.0_0.2_tagseed42_beta0.01_ldsgd
0.01,42,LD_SGD,comm,9110ad25db655b16b40d2f3ab1382737409383105ebcd1c9d3bc4b1a37f8820b,output/5/0.01/comm_LD_SGD_TinyImagenet_resnet8_200_lr0.01_2026_05_25_02_45_03_numuser10_clientSelection_comprehensive_0.8_0.0_0.2_tagseed42_beta0.01_ldsgd
0.01,1024,AutoRL_DFL_MM,test_acc,292d4bfa677c1d077b440dc8ea7d244009416e797070462c9a7b8b71063536aa,output/5/0.01/test_acc_AutoRL_DFL_MM_TinyImagenet_resnet8_200_lr0.01_2026_05_23_04_48_23_numuser10_clientSelection_autorl_tagseed1024_beta0.01_autorl
0.01,1024,AutoRL_DFL_MM,time,1f31ccfa8a2970a293229daac840015e6f3e3e4da104b365f0ad7a4037b11edb,output/5/0.01/time_AutoRL_DFL_MM_TinyImagenet_resnet8_200_lr0.01_2026_05_23_04_48_23_numuser10_clientSelection_autorl_tagseed1024_beta0.01_autorl
0.01,1024,AutoRL_DFL_MM,comm,857438cd5cf842a76607a7dcf4b9ea38760f0891e4a90e0f89d4ac7d68f25ffa,output/5/0.01/comm_AutoRL_DFL_MM_TinyImagenet_resnet8_200_lr0.01_2026_05_23_04_48_23_numuser10_clientSelection_autorl_tagseed1024_beta0.01_autorl
0.01,1024,DFL,test_acc,c9425ac5751b5702be7111a086ab20c0ff627cfc1af4856ca6ce18382b332283,output/5/0.01/test_acc_DFL_TinyImagenet_resnet8_200_lr0.01_2026_05_25_07_06_03_numuser10_clientSelection_comprehensive_0.8_0.0_0.2_tagseed1024_beta0.01_dfl
0.01,1024,DFL,time,0ba3236470e094d010c394b3c8dfad9b48c291540964bcdc778125c6a673ae4c,output/5/0.01/time_DFL_TinyImagenet_resnet8_200_lr0.01_2026_05_25_07_06_03_numuser10_clientSelection_comprehensive_0.8_0.0_0.2_tagseed1024_beta0.01_dfl
0.01,1024,DFL,comm,be382dd2a95fe4347f69e3be18703e74e74f6d19db94fd94ec2ed90b94853423,output/5/0.01/comm_DFL_TinyImagenet_resnet8_200_lr0.01_2026_05_25_07_06_03_numuser10_clientSelection_comprehensive_0.8_0.0_0.2_tagseed1024_beta0.01_dfl
0.01,1024,DFL_MM,test_acc,be11aafcc215a2ba0975c3423e9ea14715734ad21ceaf4b9f7a3a5e763ba3fa4,output/5/0.01/test_acc_DFL_MM_TinyImagenet_resnet8_200_lr0.01_2026_05_23_04_41_12_numuser10_clientSelection_comprehensive_0.8_0.0_0.2_tagseed1024_beta0.01_dflmm
0.01,1024,DFL_MM,time,ea6e613952d795f971c95f1b37ce65cae59d99e28d838628b27a385bd0e374b0,output/5/0.01/time_DFL_MM_TinyImagenet_resnet8_200_lr0.01_2026_05_23_04_41_12_numuser10_clientSelection_comprehensive_0.8_0.0_0.2_tagseed1024_beta0.01_dflmm
0.01,1024,DFL_MM,comm,66cb89a33c42f08a09afa6f5b3936fb8fa5ae8e8e9a049152a754a132df044c8,output/5/0.01/comm_DFL_MM_TinyImagenet_resnet8_200_lr0.01_2026_05_23_04_41_12_numuser10_clientSelection_comprehensive_0.8_0.0_0.2_tagseed1024_beta0.01_dflmm
0.01,1024,DFedPGP,test_acc,b9330e92509992195f0a8c86994204f70cf5b1b5f501dfaf6182abeed2ed67c0,output/5/0.01/test_acc_DFedPGP_TinyImagenet_resnet8_200_lr0.01_2026_05_25_07_21_06_numuser10_clientSelection_comprehensive_0.8_0.0_0.2_tagseed1024_beta0.01_dfedpgp
0.01,1024,DFedPGP,time,e6fb64d37cc12c700ce072cd174c32d18e654555ff0f6bf869fc09bc79ef4f84,output/5/0.01/time_DFedPGP_TinyImagenet_resnet8_200_lr0.01_2026_05_25_07_21_06_numuser10_clientSelection_comprehensive_0.8_0.0_0.2_tagseed1024_beta0.01_dfedpgp
0.01,1024,DFedPGP,comm,86d2f75c0686e7258b476b67d304e107ca9d207a36b00a4a169a3889141685b3,output/5/0.01/comm_DFedPGP_TinyImagenet_resnet8_200_lr0.01_2026_05_25_07_21_06_numuser10_clientSelection_comprehensive_0.8_0.0_0.2_tagseed1024_beta0.01_dfedpgp
0.01,1024,LD_SGD,test_acc,7f7ea37fd931fb6c79a8aa84d992cca727928c2eb908954a4e02819ca84e8e5f,output/5/0.01/test_acc_LD_SGD_TinyImagenet_resnet8_200_lr0.01_2026_05_25_07_46_20_numuser10_clientSelection_comprehensive_0.8_0.0_0.2_tagseed1024_beta0.01_ldsgd
0.01,1024,LD_SGD,time,fe131d7dde5522a43e0dbbcb86567d2c604466de54acae32647ff2de76a370b3,output/5/0.01/time_LD_SGD_TinyImagenet_resnet8_200_lr0.01_2026_05_25_07_46_20_numuser10_clientSelection_comprehensive_0.8_0.0_0.2_tagseed1024_beta0.01_ldsgd
0.01,1024,LD_SGD,comm,b04b50d6535997fcb9ec2b24c37225231873b08bd1d01336825d6e449e3941a1,output/5/0.01/comm_LD_SGD_TinyImagenet_resnet8_200_lr0.01_2026_05_25_07_46_20_numuser10_clientSelection_comprehensive_0.8_0.0_0.2_tagseed1024_beta0.01_ldsgd
0.05,1,AutoRL_DFL_MM,test_acc,f5e3b5b1608d0d9936a57d9e61fc5a5485efadf8bac180216952bfc9b26fd078,output/5/0.05/test_acc_AutoRL_DFL_MM_TinyImagenet_resnet8_200_lr0.01_2026_05_22_23_42_50_numuser10_clientSelection_autorl_tagseed1_beta0.05_autorl
0.05,1,AutoRL_DFL_MM,time,6e8025feff1914e81718cefec4b5222fb0e462bcb53fb57ab2752d8825a8a764,output/5/0.05/time_AutoRL_DFL_MM_TinyImagenet_resnet8_200_lr0.01_2026_05_22_23_42_50_numuser10_clientSelection_autorl_tagseed1_beta0.05_autorl
0.05,1,AutoRL_DFL_MM,comm,0a4a81b89c9cc88b180a8fbc9b122ccf2de089968ee68b9c669c6e83965801b9,output/5/0.05/comm_AutoRL_DFL_MM_TinyImagenet_resnet8_200_lr0.01_2026_05_22_23_42_50_numuser10_clientSelection_autorl_tagseed1_beta0.05_autorl
0.05,1,DFL,test_acc,0ac5ed57324cd4ff71c375b19179d3f0ec98e305f170f64eb503e2342db091e4,output/5/0.05/test_acc_DFL_TinyImagenet_resnet8_200_lr0.01_2026_05_24_18_56_24_numuser10_clientSelection_comprehensive_0.8_0.0_0.2_tagseed1_beta0.05_dfl
0.05,1,DFL,time,0b39a8c9c1f9263b0f79ff7fd83e8cb41a03d13df1d293370d58f6962edd1b4d,output/5/0.05/time_DFL_TinyImagenet_resnet8_200_lr0.01_2026_05_24_18_56_24_numuser10_clientSelection_comprehensive_0.8_0.0_0.2_tagseed1_beta0.05_dfl
0.05,1,DFL,comm,21f322d02ed8859d48a82f5f92d570c2221c56db8de729e0c01561523122af33,output/5/0.05/comm_DFL_TinyImagenet_resnet8_200_lr0.01_2026_05_24_18_56_24_numuser10_clientSelection_comprehensive_0.8_0.0_0.2_tagseed1_beta0.05_dfl
0.05,1,DFL_MM,test_acc,ec262d4def20cb9bf8a6e8127f50595b3f4d461bb68cb3c454a35419e51111da,output/5/0.05/test_acc_DFL_MM_TinyImagenet_resnet8_200_lr0.01_2026_05_22_23_24_52_numuser10_clientSelection_comprehensive_0.8_0.0_0.2_tagseed1_beta0.05_dflmm
0.05,1,DFL_MM,time,58e1e9c0d2576be94fec45740cd43fcf89c6a70e49dc285ac5a8ecc6c44384c8,output/5/0.05/time_DFL_MM_TinyImagenet_resnet8_200_lr0.01_2026_05_22_23_24_52_numuser10_clientSelection_comprehensive_0.8_0.0_0.2_tagseed1_beta0.05_dflmm
0.05,1,DFL_MM,comm,66cb89a33c42f08a09afa6f5b3936fb8fa5ae8e8e9a049152a754a132df044c8,output/5/0.05/comm_DFL_MM_TinyImagenet_resnet8_200_lr0.01_2026_05_22_23_24_52_numuser10_clientSelection_comprehensive_0.8_0.0_0.2_tagseed1_beta0.05_dflmm
0.05,1,DFedPGP,test_acc,5156bf3c6e3306562e3647533628f288427f8e4d8c3fddc99976507a22e2085c,output/5/0.05/test_acc_DFedPGP_TinyImagenet_resnet8_200_lr0.01_2026_05_24_18_56_43_numuser10_clientSelection_comprehensive_0.8_0.0_0.2_tagseed1_beta0.05_dfedpgp
0.05,1,DFedPGP,time,f04077e3c8574e882233594d19141ee700793402573dc8d49512d57293897a58,output/5/0.05/time_DFedPGP_TinyImagenet_resnet8_200_lr0.01_2026_05_24_18_56_43_numuser10_clientSelection_comprehensive_0.8_0.0_0.2_tagseed1_beta0.05_dfedpgp
0.05,1,DFedPGP,comm,8007e2931c992c8bf6485aba2a461b33c099ac244fb4ef2801624ceb8ca25131,output/5/0.05/comm_DFedPGP_TinyImagenet_resnet8_200_lr0.01_2026_05_24_18_56_43_numuser10_clientSelection_comprehensive_0.8_0.0_0.2_tagseed1_beta0.05_dfedpgp
0.05,1,LD_SGD,test_acc,695ab88e06298d26a46298febbaae82cf9cf44335dd95dca24e4ae3e50bb3f47,output/5/0.05/test_acc_LD_SGD_TinyImagenet_resnet8_200_lr0.01_2026_05_24_18_57_49_numuser10_clientSelection_comprehensive_0.8_0.0_0.2_tagseed1_beta0.05_ldsgd
0.05,1,LD_SGD,time,be785b65da858952043156e5ab78453693d7addf8082b49b429d26562a8318c9,output/5/0.05/time_LD_SGD_TinyImagenet_resnet8_200_lr0.01_2026_05_24_18_57_49_numuser10_clientSelection_comprehensive_0.8_0.0_0.2_tagseed1_beta0.05_ldsgd
0.05,1,LD_SGD,comm,f9d60fee0f821994f08b73e289945907f00930dedb8099a4685db559eae520aa,output/5/0.05/comm_LD_SGD_TinyImagenet_resnet8_200_lr0.01_2026_05_24_18_57_49_numuser10_clientSelection_comprehensive_0.8_0.0_0.2_tagseed1_beta0.05_ldsgd
0.05,42,AutoRL_DFL_MM,test_acc,55028acdcf6dd34e3ff2c6c272081900ccd4318165c7bcc0939b80dd443dcbe8,output/5/0.05/test_acc_AutoRL_DFL_MM_TinyImagenet_resnet8_200_lr0.01_2026_05_23_00_18_27_numuser10_clientSelection_autorl_tagseed42_beta0.05_autorl
0.05,42,AutoRL_DFL_MM,time,2299029ec121bfdaa18eff1bcc5d84479a9ccbd7274a3e3ae90003285822766c,output/5/0.05/time_AutoRL_DFL_MM_TinyImagenet_resnet8_200_lr0.01_2026_05_23_00_18_27_numuser10_clientSelection_autorl_tagseed42_beta0.05_autorl
0.05,42,AutoRL_DFL_MM,comm,e1483684231cb8222572044d8b31368a7f96e7e4e797d1eccf0110cab69ebc3b,output/5/0.05/comm_AutoRL_DFL_MM_TinyImagenet_resnet8_200_lr0.01_2026_05_23_00_18_27_numuser10_clientSelection_autorl_tagseed42_beta0.05_autorl
0.05,42,DFL,test_acc,f36ebb80ddeeb09fea9da172430f1a531b01b0704f08cbe0b42fc482c0c01c20,output/5/0.05/test_acc_DFL_TinyImagenet_resnet8_200_lr0.01_2026_05_24_23_12_58_numuser10_clientSelection_comprehensive_0.8_0.0_0.2_tagseed42_beta0.05_dfl
0.05,42,DFL,time,ae92198306f41fbc8a08413ff538cc4d12ff37e3d7483efd753a10475c793419,output/5/0.05/time_DFL_TinyImagenet_resnet8_200_lr0.01_2026_05_24_23_12_58_numuser10_clientSelection_comprehensive_0.8_0.0_0.2_tagseed42_beta0.05_dfl
0.05,42,DFL,comm,afc2a55422a63f0e831df39726d5aa7f4161f5b2553c84454fcc02759861e8cb,output/5/0.05/comm_DFL_TinyImagenet_resnet8_200_lr0.01_2026_05_24_23_12_58_numuser10_clientSelection_comprehensive_0.8_0.0_0.2_tagseed42_beta0.05_dfl
0.05,42,DFL_MM,test_acc,ba11fba8b67a49b3d2358daf4d97227600e253f8a4e23ee2d9a65301def7fa9a,output/5/0.05/test_acc_DFL_MM_TinyImagenet_resnet8_200_lr0.01_2026_05_23_00_18_26_numuser10_clientSelection_comprehensive_0.8_0.0_0.2_tagseed42_beta0.05_dflmm
0.05,42,DFL_MM,time,6c7982afd5e57bc7b06bfac45cdc457166a27bc312d9787255dd381fa480cc34,output/5/0.05/time_DFL_MM_TinyImagenet_resnet8_200_lr0.01_2026_05_23_00_18_26_numuser10_clientSelection_comprehensive_0.8_0.0_0.2_tagseed42_beta0.05_dflmm
0.05,42,DFL_MM,comm,66cb89a33c42f08a09afa6f5b3936fb8fa5ae8e8e9a049152a754a132df044c8,output/5/0.05/comm_DFL_MM_TinyImagenet_resnet8_200_lr0.01_2026_05_23_00_18_26_numuser10_clientSelection_comprehensive_0.8_0.0_0.2_tagseed42_beta0.05_dflmm
0.05,42,DFedPGP,test_acc,68026a833e0b78fafcfda308baaa0bf58da9be21c37adf40abce7c3b4ff55b25,output/5/0.05/test_acc_DFedPGP_TinyImagenet_resnet8_200_lr0.01_2026_05_24_23_19_49_numuser10_clientSelection_comprehensive_0.8_0.0_0.2_tagseed42_beta0.05_dfedpgp
0.05,42,DFedPGP,time,5d4cce301c91a05bcbfe547fa3bb1627a4d944a412636080fb89b4a013574767,output/5/0.05/time_DFedPGP_TinyImagenet_resnet8_200_lr0.01_2026_05_24_23_19_49_numuser10_clientSelection_comprehensive_0.8_0.0_0.2_tagseed42_beta0.05_dfedpgp
0.05,42,DFedPGP,comm,f56a1f3c9f3bb1e48efb1dd595be65cc272bd4e5d90aa8139fe25b6dcb8a6ee7,output/5/0.05/comm_DFedPGP_TinyImagenet_resnet8_200_lr0.01_2026_05_24_23_19_49_numuser10_clientSelection_comprehensive_0.8_0.0_0.2_tagseed42_beta0.05_dfedpgp
0.05,42,LD_SGD,test_acc,1c92fa70719d57fda147e1e3e35de629b8afebde4f7aca4488868a0dc6a26b01,output/5/0.05/test_acc_LD_SGD_TinyImagenet_resnet8_200_lr0.01_2026_05_24_23_53_58_numuser10_clientSelection_comprehensive_0.8_0.0_0.2_tagseed42_beta0.05_ldsgd
0.05,42,LD_SGD,time,c49c6bd9d08d7ab50b219f5d121fffb2d9de8d8088066b5f9e6e6793a8778c10,output/5/0.05/time_LD_SGD_TinyImagenet_resnet8_200_lr0.01_2026_05_24_23_53_58_numuser10_clientSelection_comprehensive_0.8_0.0_0.2_tagseed42_beta0.05_ldsgd
0.05,42,LD_SGD,comm,9110ad25db655b16b40d2f3ab1382737409383105ebcd1c9d3bc4b1a37f8820b,output/5/0.05/comm_LD_SGD_TinyImagenet_resnet8_200_lr0.01_2026_05_24_23_53_58_numuser10_clientSelection_comprehensive_0.8_0.0_0.2_tagseed42_beta0.05_ldsgd
0.05,1024,AutoRL_DFL_MM,test_acc,465e95fc57e5b255223d8e01c444713d7fe036bb2ec284ab1884013762c8a634,output/5/0.05/test_acc_AutoRL_DFL_MM_TinyImagenet_resnet8_200_lr0.01_2026_05_23_04_34_33_numuser10_clientSelection_autorl_tagseed1024_beta0.05_autorl
0.05,1024,AutoRL_DFL_MM,time,40333871642a5003fa0102b38135d9f958c9b45e2870ca9822c6c7236d2b6714,output/5/0.05/time_AutoRL_DFL_MM_TinyImagenet_resnet8_200_lr0.01_2026_05_23_04_34_33_numuser10_clientSelection_autorl_tagseed1024_beta0.05_autorl
0.05,1024,AutoRL_DFL_MM,comm,109240626621a3a28d9a9fe68d2c900266d50cc845a0be1526127a85b063b811,output/5/0.05/comm_AutoRL_DFL_MM_TinyImagenet_resnet8_200_lr0.01_2026_05_23_04_34_33_numuser10_clientSelection_autorl_tagseed1024_beta0.05_autorl
0.05,1024,DFL,test_acc,d5f48738f60c9ae0a5ee54ac32d4b50fdaa4c01850f548a23c2731a19d3ec660,output/5/0.05/test_acc_DFL_TinyImagenet_resnet8_200_lr0.01_2026_05_25_06_55_51_numuser10_clientSelection_comprehensive_0.8_0.0_0.2_tagseed1024_beta0.05_dfl
0.05,1024,DFL,time,0ba3236470e094d010c394b3c8dfad9b48c291540964bcdc778125c6a673ae4c,output/5/0.05/time_DFL_TinyImagenet_resnet8_200_lr0.01_2026_05_25_06_55_51_numuser10_clientSelection_comprehensive_0.8_0.0_0.2_tagseed1024_beta0.05_dfl
0.05,1024,DFL,comm,be382dd2a95fe4347f69e3be18703e74e74f6d19db94fd94ec2ed90b94853423,output/5/0.05/comm_DFL_TinyImagenet_resnet8_200_lr0.01_2026_05_25_06_55_51_numuser10_clientSelection_comprehensive_0.8_0.0_0.2_tagseed1024_beta0.05_dfl
0.05,1024,DFL_MM,test_acc,80d27800859bc788990b4830e776b17f9da39b3ced0059270ecfe928af6fbb20,output/5/0.05/test_acc_DFL_MM_TinyImagenet_resnet8_200_lr0.01_2026_05_23_04_31_35_numuser10_clientSelection_comprehensive_0.8_0.0_0.2_tagseed1024_beta0.05_dflmm
0.05,1024,DFL_MM,time,61edc2d71ff9ea5111e0ae8255db781f7321b7575b64a28b0902b35fae5fa674,output/5/0.05/time_DFL_MM_TinyImagenet_resnet8_200_lr0.01_2026_05_23_04_31_35_numuser10_clientSelection_comprehensive_0.8_0.0_0.2_tagseed1024_beta0.05_dflmm
0.05,1024,DFL_MM,comm,66cb89a33c42f08a09afa6f5b3936fb8fa5ae8e8e9a049152a754a132df044c8,output/5/0.05/comm_DFL_MM_TinyImagenet_resnet8_200_lr0.01_2026_05_23_04_31_35_numuser10_clientSelection_comprehensive_0.8_0.0_0.2_tagseed1024_beta0.05_dflmm
0.05,1024,DFedPGP,test_acc,600ccf42436d9f997a24ee2b35f0a4b15715a264736304ae48361dc5d712ec72,output/5/0.05/test_acc_DFedPGP_TinyImagenet_resnet8_200_lr0.01_2026_05_25_06_56_34_numuser10_clientSelection_comprehensive_0.8_0.0_0.2_tagseed1024_beta0.05_dfedpgp
0.05,1024,DFedPGP,time,e6fb64d37cc12c700ce072cd174c32d18e654555ff0f6bf869fc09bc79ef4f84,output/5/0.05/time_DFedPGP_TinyImagenet_resnet8_200_lr0.01_2026_05_25_06_56_34_numuser10_clientSelection_comprehensive_0.8_0.0_0.2_tagseed1024_beta0.05_dfedpgp
0.05,1024,DFedPGP,comm,86d2f75c0686e7258b476b67d304e107ca9d207a36b00a4a169a3889141685b3,output/5/0.05/comm_DFedPGP_TinyImagenet_resnet8_200_lr0.01_2026_05_25_06_56_34_numuser10_clientSelection_comprehensive_0.8_0.0_0.2_tagseed1024_beta0.05_dfedpgp
0.05,1024,LD_SGD,test_acc,b906bb6ceba76749a67859f3307ad163f4a4da6c9bf1951723cb651d2a481775,output/5/0.05/test_acc_LD_SGD_TinyImagenet_resnet8_200_lr0.01_2026_05_25_06_59_23_numuser10_clientSelection_comprehensive_0.8_0.0_0.2_tagseed1024_beta0.05_ldsgd
0.05,1024,LD_SGD,time,fe131d7dde5522a43e0dbbcb86567d2c604466de54acae32647ff2de76a370b3,output/5/0.05/time_LD_SGD_TinyImagenet_resnet8_200_lr0.01_2026_05_25_06_59_23_numuser10_clientSelection_comprehensive_0.8_0.0_0.2_tagseed1024_beta0.05_ldsgd
0.05,1024,LD_SGD,comm,b04b50d6535997fcb9ec2b24c37225231873b08bd1d01336825d6e449e3941a1,output/5/0.05/comm_LD_SGD_TinyImagenet_resnet8_200_lr0.01_2026_05_25_06_59_23_numuser10_clientSelection_comprehensive_0.8_0.0_0.2_tagseed1024_beta0.05_ldsgd
0.1,1,AutoRL_DFL_MM,test_acc,93a1f62532ea813e4915d2f5a2fb31b0ea9b44c80d22de7797dea77c086ca1a7,output/5/0.1/test_acc_AutoRL_DFL_MM_TinyImagenet_resnet8_200_lr0.01_2026_05_22_20_06_14_numuser10_clientSelection_autorl_tagseed1_beta0.1_autorl
0.1,1,AutoRL_DFL_MM,time,2c47efed4d900e1c68a503bd1febf71863a6ca19bded25cfaac780dcacc46bf0,output/5/0.1/time_AutoRL_DFL_MM_TinyImagenet_resnet8_200_lr0.01_2026_05_22_20_06_14_numuser10_clientSelection_autorl_tagseed1_beta0.1_autorl
0.1,1,AutoRL_DFL_MM,comm,90bf331444d26cb3bec3937c7923a3d7e7c7e7017faaca387911eda278ed5730,output/5/0.1/comm_AutoRL_DFL_MM_TinyImagenet_resnet8_200_lr0.01_2026_05_22_20_06_14_numuser10_clientSelection_autorl_tagseed1_beta0.1_autorl
0.1,1,DFL,test_acc,bfa92c591a40e3536d017e37657a9791b50890e3a29a4a817653a85f48ca9d14,output/5/0.1/test_acc_DFL_TinyImagenet_resnet8_200_lr0.01_2026_05_24_15_18_32_numuser10_clientSelection_comprehensive_0.8_0.0_0.2_tagseed1_beta0.1_dfl
0.1,1,DFL,time,0b39a8c9c1f9263b0f79ff7fd83e8cb41a03d13df1d293370d58f6962edd1b4d,output/5/0.1/time_DFL_TinyImagenet_resnet8_200_lr0.01_2026_05_24_15_18_32_numuser10_clientSelection_comprehensive_0.8_0.0_0.2_tagseed1_beta0.1_dfl
0.1,1,DFL,comm,21f322d02ed8859d48a82f5f92d570c2221c56db8de729e0c01561523122af33,output/5/0.1/comm_DFL_TinyImagenet_resnet8_200_lr0.01_2026_05_24_15_18_32_numuser10_clientSelection_comprehensive_0.8_0.0_0.2_tagseed1_beta0.1_dfl
0.1,1,DFL_MM,test_acc,dc460944b39625068891941d80fa6a522fb6d50373e144a2bec80a2d2725a55f,output/5/0.1/test_acc_DFL_MM_TinyImagenet_resnet8_200_lr0.01_2026_05_22_19_45_18_numuser10_clientSelection_comprehensive_0.8_0.0_0.2_tagseed1_beta0.1_dflmm
0.1,1,DFL_MM,time,822dd298ba68bb797e9a7ee1c1d705f3e6f3d3dcb93ef03be37f5da88b1fa178,output/5/0.1/time_DFL_MM_TinyImagenet_resnet8_200_lr0.01_2026_05_22_19_45_18_numuser10_clientSelection_comprehensive_0.8_0.0_0.2_tagseed1_beta0.1_dflmm
0.1,1,DFL_MM,comm,66cb89a33c42f08a09afa6f5b3936fb8fa5ae8e8e9a049152a754a132df044c8,output/5/0.1/comm_DFL_MM_TinyImagenet_resnet8_200_lr0.01_2026_05_22_19_45_18_numuser10_clientSelection_comprehensive_0.8_0.0_0.2_tagseed1_beta0.1_dflmm
0.1,1,DFedPGP,test_acc,239d7795a1e66f51c677159985c9b080f47560be058b0e76cb11699ceaeda1cf,output/5/0.1/test_acc_DFedPGP_TinyImagenet_resnet8_200_lr0.01_2026_05_24_15_18_33_numuser10_clientSelection_comprehensive_0.8_0.0_0.2_tagseed1_beta0.1_dfedpgp
0.1,1,DFedPGP,time,f04077e3c8574e882233594d19141ee700793402573dc8d49512d57293897a58,output/5/0.1/time_DFedPGP_TinyImagenet_resnet8_200_lr0.01_2026_05_24_15_18_33_numuser10_clientSelection_comprehensive_0.8_0.0_0.2_tagseed1_beta0.1_dfedpgp
0.1,1,DFedPGP,comm,8007e2931c992c8bf6485aba2a461b33c099ac244fb4ef2801624ceb8ca25131,output/5/0.1/comm_DFedPGP_TinyImagenet_resnet8_200_lr0.01_2026_05_24_15_18_33_numuser10_clientSelection_comprehensive_0.8_0.0_0.2_tagseed1_beta0.1_dfedpgp
0.1,1,LD_SGD,test_acc,122776b25547c6744125f3bfd8f319a88e5a6822e92a46ca3e98c10089ee249f,output/5/0.1/test_acc_LD_SGD_TinyImagenet_resnet8_200_lr0.01_2026_05_24_15_18_32_numuser10_clientSelection_comprehensive_0.8_0.0_0.2_tagseed1_beta0.1_ldsgd
0.1,1,LD_SGD,time,be785b65da858952043156e5ab78453693d7addf8082b49b429d26562a8318c9,output/5/0.1/time_LD_SGD_TinyImagenet_resnet8_200_lr0.01_2026_05_24_15_18_32_numuser10_clientSelection_comprehensive_0.8_0.0_0.2_tagseed1_beta0.1_ldsgd
0.1,1,LD_SGD,comm,f9d60fee0f821994f08b73e289945907f00930dedb8099a4685db559eae520aa,output/5/0.1/comm_LD_SGD_TinyImagenet_resnet8_200_lr0.01_2026_05_24_15_18_32_numuser10_clientSelection_comprehensive_0.8_0.0_0.2_tagseed1_beta0.1_ldsgd
0.1,42,AutoRL_DFL_MM,test_acc,2decd979b618c76447b3206682bda3eafa76974d8d1612acd547a00abc6b5034,output/5/0.1/test_acc_AutoRL_DFL_MM_TinyImagenet_resnet8_200_lr0.01_2026_05_23_00_18_27_numuser10_clientSelection_autorl_tagseed42_beta0.1_autorl
0.1,42,AutoRL_DFL_MM,time,1c9abee71d40de5fc4750cf0851e8db54da83cddf930adc6601f8b72641ef9c9,output/5/0.1/time_AutoRL_DFL_MM_TinyImagenet_resnet8_200_lr0.01_2026_05_23_00_18_27_numuser10_clientSelection_autorl_tagseed42_beta0.1_autorl
0.1,42,AutoRL_DFL_MM,comm,54798b12f70491f049bfa03b75b2b8c6b5b32abea5649e44eeb6772361a64381,output/5/0.1/comm_AutoRL_DFL_MM_TinyImagenet_resnet8_200_lr0.01_2026_05_23_00_18_27_numuser10_clientSelection_autorl_tagseed42_beta0.1_autorl
0.1,42,DFL,test_acc,2b0f54c3c9f5ab246d90346a65a029df9f6b03ee0414f024a10984d3363ee7b3,output/5/0.1/test_acc_DFL_TinyImagenet_resnet8_200_lr0.01_2026_05_24_23_04_13_numuser10_clientSelection_comprehensive_0.8_0.0_0.2_tagseed42_beta0.1_dfl
0.1,42,DFL,time,ae92198306f41fbc8a08413ff538cc4d12ff37e3d7483efd753a10475c793419,output/5/0.1/time_DFL_TinyImagenet_resnet8_200_lr0.01_2026_05_24_23_04_13_numuser10_clientSelection_comprehensive_0.8_0.0_0.2_tagseed42_beta0.1_dfl
0.1,42,DFL,comm,afc2a55422a63f0e831df39726d5aa7f4161f5b2553c84454fcc02759861e8cb,output/5/0.1/comm_DFL_TinyImagenet_resnet8_200_lr0.01_2026_05_24_23_04_13_numuser10_clientSelection_comprehensive_0.8_0.0_0.2_tagseed42_beta0.1_dfl
0.1,42,DFL_MM,test_acc,c2e89995508734a08959e696e35474733ae2c9964329bde3f302e53203d9325f,output/5/0.1/test_acc_DFL_MM_TinyImagenet_resnet8_200_lr0.01_2026_05_23_00_15_29_numuser10_clientSelection_comprehensive_0.8_0.0_0.2_tagseed42_beta0.1_dflmm
0.1,42,DFL_MM,time,c852953011821ad87d3a780dd35b4a430cf9b812a506ee780aa713a0b6abfab7,output/5/0.1/time_DFL_MM_TinyImagenet_resnet8_200_lr0.01_2026_05_23_00_15_29_numuser10_clientSelection_comprehensive_0.8_0.0_0.2_tagseed42_beta0.1_dflmm
0.1,42,DFL_MM,comm,66cb89a33c42f08a09afa6f5b3936fb8fa5ae8e8e9a049152a754a132df044c8,output/5/0.1/comm_DFL_MM_TinyImagenet_resnet8_200_lr0.01_2026_05_23_00_15_29_numuser10_clientSelection_comprehensive_0.8_0.0_0.2_tagseed42_beta0.1_dflmm
0.1,42,DFedPGP,test_acc,33359d1f3cc8efd6aee1b47ad915b6fc4e812fc570e8f5337e88c6eb8a19b1a1,output/5/0.1/test_acc_DFedPGP_TinyImagenet_resnet8_200_lr0.01_2026_05_24_23_06_08_numuser10_clientSelection_comprehensive_0.8_0.0_0.2_tagseed42_beta0.1_dfedpgp
0.1,42,DFedPGP,time,5d4cce301c91a05bcbfe547fa3bb1627a4d944a412636080fb89b4a013574767,output/5/0.1/time_DFedPGP_TinyImagenet_resnet8_200_lr0.01_2026_05_24_23_06_08_numuser10_clientSelection_comprehensive_0.8_0.0_0.2_tagseed42_beta0.1_dfedpgp
0.1,42,DFedPGP,comm,f56a1f3c9f3bb1e48efb1dd595be65cc272bd4e5d90aa8139fe25b6dcb8a6ee7,output/5/0.1/comm_DFedPGP_TinyImagenet_resnet8_200_lr0.01_2026_05_24_23_06_08_numuser10_clientSelection_comprehensive_0.8_0.0_0.2_tagseed42_beta0.1_dfedpgp
0.1,42,LD_SGD,test_acc,6299036c0d9f8edff2c03d036b1975f2a180f67eb7ab9513d02ba0ebdb931746,output/5/0.1/test_acc_LD_SGD_TinyImagenet_resnet8_200_lr0.01_2026_05_24_23_10_58_numuser10_clientSelection_comprehensive_0.8_0.0_0.2_tagseed42_beta0.1_ldsgd
0.1,42,LD_SGD,time,c49c6bd9d08d7ab50b219f5d121fffb2d9de8d8088066b5f9e6e6793a8778c10,output/5/0.1/time_LD_SGD_TinyImagenet_resnet8_200_lr0.01_2026_05_24_23_10_58_numuser10_clientSelection_comprehensive_0.8_0.0_0.2_tagseed42_beta0.1_ldsgd
0.1,42,LD_SGD,comm,9110ad25db655b16b40d2f3ab1382737409383105ebcd1c9d3bc4b1a37f8820b,output/5/0.1/comm_LD_SGD_TinyImagenet_resnet8_200_lr0.01_2026_05_24_23_10_58_numuser10_clientSelection_comprehensive_0.8_0.0_0.2_tagseed42_beta0.1_ldsgd
0.1,1024,AutoRL_DFL_MM,test_acc,1d43fbf0c416665e0185e47daeb536ac3194a6eea247460ce96887d35d47e44d,output/5/0.1/test_acc_AutoRL_DFL_MM_TinyImagenet_resnet8_200_lr0.01_2026_05_23_04_24_32_numuser10_clientSelection_autorl_tagseed1024_beta0.1_autorl
0.1,1024,AutoRL_DFL_MM,time,40b09a74a0b96a5682a093fcd2a0c5fb051d5f0ca6a0ab73d1b8ef7859eb64ae,output/5/0.1/time_AutoRL_DFL_MM_TinyImagenet_resnet8_200_lr0.01_2026_05_23_04_24_32_numuser10_clientSelection_autorl_tagseed1024_beta0.1_autorl
0.1,1024,AutoRL_DFL_MM,comm,c776283a9bc689c0fdfb0005f63b7ad15025ca07258275f2a0cb2d17df170844,output/5/0.1/comm_AutoRL_DFL_MM_TinyImagenet_resnet8_200_lr0.01_2026_05_23_04_24_32_numuser10_clientSelection_autorl_tagseed1024_beta0.1_autorl
0.1,1024,DFL,test_acc,0a6effa7025343d0fdfbd41fc404031e53931833a7c44393ba0cfada927d0965,output/5/0.1/test_acc_DFL_TinyImagenet_resnet8_200_lr0.01_2026_05_25_05_55_39_numuser10_clientSelection_comprehensive_0.8_0.0_0.2_tagseed1024_beta0.1_dfl
0.1,1024,DFL,time,0ba3236470e094d010c394b3c8dfad9b48c291540964bcdc778125c6a673ae4c,output/5/0.1/time_DFL_TinyImagenet_resnet8_200_lr0.01_2026_05_25_05_55_39_numuser10_clientSelection_comprehensive_0.8_0.0_0.2_tagseed1024_beta0.1_dfl
0.1,1024,DFL,comm,be382dd2a95fe4347f69e3be18703e74e74f6d19db94fd94ec2ed90b94853423,output/5/0.1/comm_DFL_TinyImagenet_resnet8_200_lr0.01_2026_05_25_05_55_39_numuser10_clientSelection_comprehensive_0.8_0.0_0.2_tagseed1024_beta0.1_dfl
0.1,1024,DFL_MM,test_acc,6a28fb22d0717545917e4c2394f88bda996dbae7377321a9c4bdda71699c7232,output/5/0.1/test_acc_DFL_MM_TinyImagenet_resnet8_200_lr0.01_2026_05_23_04_02_05_numuser10_clientSelection_comprehensive_0.8_0.0_0.2_tagseed1024_beta0.1_dflmm
0.1,1024,DFL_MM,time,ef66bb3ef777841c36e7979894fcfa022446042985c013a186f5c96a0cd5b448,output/5/0.1/time_DFL_MM_TinyImagenet_resnet8_200_lr0.01_2026_05_23_04_02_05_numuser10_clientSelection_comprehensive_0.8_0.0_0.2_tagseed1024_beta0.1_dflmm
0.1,1024,DFL_MM,comm,66cb89a33c42f08a09afa6f5b3936fb8fa5ae8e8e9a049152a754a132df044c8,output/5/0.1/comm_DFL_MM_TinyImagenet_resnet8_200_lr0.01_2026_05_23_04_02_05_numuser10_clientSelection_comprehensive_0.8_0.0_0.2_tagseed1024_beta0.1_dflmm
0.1,1024,DFedPGP,test_acc,05a344007513c9f767ac05a649595d197623a784cdd92714cb839d5bf3b7c9d1,output/5/0.1/test_acc_DFedPGP_TinyImagenet_resnet8_200_lr0.01_2026_05_25_06_22_17_numuser10_clientSelection_comprehensive_0.8_0.0_0.2_tagseed1024_beta0.1_dfedpgp
0.1,1024,DFedPGP,time,e6fb64d37cc12c700ce072cd174c32d18e654555ff0f6bf869fc09bc79ef4f84,output/5/0.1/time_DFedPGP_TinyImagenet_resnet8_200_lr0.01_2026_05_25_06_22_17_numuser10_clientSelection_comprehensive_0.8_0.0_0.2_tagseed1024_beta0.1_dfedpgp
0.1,1024,DFedPGP,comm,86d2f75c0686e7258b476b67d304e107ca9d207a36b00a4a169a3889141685b3,output/5/0.1/comm_DFedPGP_TinyImagenet_resnet8_200_lr0.01_2026_05_25_06_22_17_numuser10_clientSelection_comprehensive_0.8_0.0_0.2_tagseed1024_beta0.1_dfedpgp
0.1,1024,LD_SGD,test_acc,42fc998a85a6da40afc44c0fa8f28c58d404ba6cee9d0b42403cfeabcf81b172,output/5/0.1/test_acc_LD_SGD_TinyImagenet_resnet8_200_lr0.01_2026_05_25_06_50_29_numuser10_clientSelection_comprehensive_0.8_0.0_0.2_tagseed1024_beta0.1_ldsgd
0.1,1024,LD_SGD,time,fe131d7dde5522a43e0dbbcb86567d2c604466de54acae32647ff2de76a370b3,output/5/0.1/time_LD_SGD_TinyImagenet_resnet8_200_lr0.01_2026_05_25_06_50_29_numuser10_clientSelection_comprehensive_0.8_0.0_0.2_tagseed1024_beta0.1_ldsgd
0.1,1024,LD_SGD,comm,b04b50d6535997fcb9ec2b24c37225231873b08bd1d01336825d6e449e3941a1,output/5/0.1/comm_LD_SGD_TinyImagenet_resnet8_200_lr0.01_2026_05_25_06_50_29_numuser10_clientSelection_comprehensive_0.8_0.0_0.2_tagseed1024_beta0.1_ldsgd
0.5,1,AutoRL_DFL_MM,test_acc,a73ec88f8694dcd331081c202c052c8cf794952e854c5b91fc5a4f34430f353f,output/5/0.5/test_acc_AutoRL_DFL_MM_TinyImagenet_resnet8_200_lr0.01_2026_05_22_19_40_08_numuser10_clientSelection_autorl_tagseed1_beta0.5_autorl
0.5,1,AutoRL_DFL_MM,time,0557f5cc6b73e2007df919aa0f8ea9d6e29eae4f4541e0a4883bd16d8db4c8a0,output/5/0.5/time_AutoRL_DFL_MM_TinyImagenet_resnet8_200_lr0.01_2026_05_22_19_40_08_numuser10_clientSelection_autorl_tagseed1_beta0.5_autorl
0.5,1,AutoRL_DFL_MM,comm,2e6fc7d997bdafd931677f3ca0eb1969ae5177f8b31ad0592a5362666c87db86,output/5/0.5/comm_AutoRL_DFL_MM_TinyImagenet_resnet8_200_lr0.01_2026_05_22_19_40_08_numuser10_clientSelection_autorl_tagseed1_beta0.5_autorl
0.5,1,DFL,test_acc,81b0848897fc2e6d079b0529f2021dd9aa89b4a96673f05ee19e0508cf25cc68,output/5/0.5/test_acc_DFL_TinyImagenet_resnet8_200_lr0.01_2026_05_24_15_18_33_numuser10_clientSelection_comprehensive_0.8_0.0_0.2_tagseed1_beta0.5_dfl
0.5,1,DFL,time,0b39a8c9c1f9263b0f79ff7fd83e8cb41a03d13df1d293370d58f6962edd1b4d,output/5/0.5/time_DFL_TinyImagenet_resnet8_200_lr0.01_2026_05_24_15_18_33_numuser10_clientSelection_comprehensive_0.8_0.0_0.2_tagseed1_beta0.5_dfl
0.5,1,DFL,comm,21f322d02ed8859d48a82f5f92d570c2221c56db8de729e0c01561523122af33,output/5/0.5/comm_DFL_TinyImagenet_resnet8_200_lr0.01_2026_05_24_15_18_33_numuser10_clientSelection_comprehensive_0.8_0.0_0.2_tagseed1_beta0.5_dfl
0.5,1,DFL_MM,test_acc,f5690b4d871041b06017417f673ca6600acbd79b6ec40a622ea324e14fd2ea91,output/5/0.5/test_acc_DFL_MM_TinyImagenet_resnet8_200_lr0.01_2026_05_22_16_04_15_numuser10_clientSelection_comprehensive_0.8_0.0_0.2_tagseed1_beta0.5_dflmm
0.5,1,DFL_MM,time,bb2fdb4166a95c5dcfcfefb5de4f81805afbcc70d2d4bf0f24ccd89373719a94,output/5/0.5/time_DFL_MM_TinyImagenet_resnet8_200_lr0.01_2026_05_22_16_04_15_numuser10_clientSelection_comprehensive_0.8_0.0_0.2_tagseed1_beta0.5_dflmm
0.5,1,DFL_MM,comm,66cb89a33c42f08a09afa6f5b3936fb8fa5ae8e8e9a049152a754a132df044c8,output/5/0.5/comm_DFL_MM_TinyImagenet_resnet8_200_lr0.01_2026_05_22_16_04_15_numuser10_clientSelection_comprehensive_0.8_0.0_0.2_tagseed1_beta0.5_dflmm
0.5,1,DFedPGP,test_acc,8cb2228610bba66abd75823b993a545d327e58c7ffbad1d780e66ab0cf6cb1e7,output/5/0.5/test_acc_DFedPGP_TinyImagenet_resnet8_200_lr0.01_2026_05_24_15_18_33_numuser10_clientSelection_comprehensive_0.8_0.0_0.2_tagseed1_beta0.5_dfedpgp
0.5,1,DFedPGP,time,f04077e3c8574e882233594d19141ee700793402573dc8d49512d57293897a58,output/5/0.5/time_DFedPGP_TinyImagenet_resnet8_200_lr0.01_2026_05_24_15_18_33_numuser10_clientSelection_comprehensive_0.8_0.0_0.2_tagseed1_beta0.5_dfedpgp
0.5,1,DFedPGP,comm,8007e2931c992c8bf6485aba2a461b33c099ac244fb4ef2801624ceb8ca25131,output/5/0.5/comm_DFedPGP_TinyImagenet_resnet8_200_lr0.01_2026_05_24_15_18_33_numuser10_clientSelection_comprehensive_0.8_0.0_0.2_tagseed1_beta0.5_dfedpgp
0.5,1,LD_SGD,test_acc,15319555bf84c9ff395ea7f1cc1e51ef1cdfc8e0c5f8013c5d5896c9531e0bb6,output/5/0.5/test_acc_LD_SGD_TinyImagenet_resnet8_200_lr0.01_2026_05_24_15_18_33_numuser10_clientSelection_comprehensive_0.8_0.0_0.2_tagseed1_beta0.5_ldsgd
0.5,1,LD_SGD,time,be785b65da858952043156e5ab78453693d7addf8082b49b429d26562a8318c9,output/5/0.5/time_LD_SGD_TinyImagenet_resnet8_200_lr0.01_2026_05_24_15_18_33_numuser10_clientSelection_comprehensive_0.8_0.0_0.2_tagseed1_beta0.5_ldsgd
0.5,1,LD_SGD,comm,f9d60fee0f821994f08b73e289945907f00930dedb8099a4685db559eae520aa,output/5/0.5/comm_LD_SGD_TinyImagenet_resnet8_200_lr0.01_2026_05_24_15_18_33_numuser10_clientSelection_comprehensive_0.8_0.0_0.2_tagseed1_beta0.5_ldsgd
0.5,42,AutoRL_DFL_MM,test_acc,7af74ff95e34441112ce46bbf35bed173d49b08f15d0db5c820fa2f6ab4717e4,output/5/0.5/test_acc_AutoRL_DFL_MM_TinyImagenet_resnet8_200_lr0.01_2026_05_23_00_15_29_numuser10_clientSelection_autorl_tagseed42_beta0.5_autorl
0.5,42,AutoRL_DFL_MM,time,37d2bcb4e7654dba909fd63358e2fce5073b2f451016e5e9a141c6e06d059dc4,output/5/0.5/time_AutoRL_DFL_MM_TinyImagenet_resnet8_200_lr0.01_2026_05_23_00_15_29_numuser10_clientSelection_autorl_tagseed42_beta0.5_autorl
0.5,42,AutoRL_DFL_MM,comm,5becb2105c10d75b65110f3567824fa27d3c3b529844493e53516514e68dbf42,output/5/0.5/comm_AutoRL_DFL_MM_TinyImagenet_resnet8_200_lr0.01_2026_05_23_00_15_29_numuser10_clientSelection_autorl_tagseed42_beta0.5_autorl
0.5,42,DFL,test_acc,9738d5c9ae209c0c6dbf7ab40ac9757c693fbc35ba6d854a7f94b2a7b2ad6f13,output/5/0.5/test_acc_DFL_TinyImagenet_resnet8_200_lr0.01_2026_05_24_22_34_33_numuser10_clientSelection_comprehensive_0.8_0.0_0.2_tagseed42_beta0.5_dfl
0.5,42,DFL,time,ae92198306f41fbc8a08413ff538cc4d12ff37e3d7483efd753a10475c793419,output/5/0.5/time_DFL_TinyImagenet_resnet8_200_lr0.01_2026_05_24_22_34_33_numuser10_clientSelection_comprehensive_0.8_0.0_0.2_tagseed42_beta0.5_dfl
0.5,42,DFL,comm,afc2a55422a63f0e831df39726d5aa7f4161f5b2553c84454fcc02759861e8cb,output/5/0.5/comm_DFL_TinyImagenet_resnet8_200_lr0.01_2026_05_24_22_34_33_numuser10_clientSelection_comprehensive_0.8_0.0_0.2_tagseed42_beta0.5_dfl
0.5,42,DFL_MM,test_acc,c515b72b970e2e86aa123e7cafbf016e3cd518977c9f4487ada211743f05a363,output/5/0.5/test_acc_DFL_MM_TinyImagenet_resnet8_200_lr0.01_2026_05_23_00_15_29_numuser10_clientSelection_comprehensive_0.8_0.0_0.2_tagseed42_beta0.5_dflmm
0.5,42,DFL_MM,time,553f9413be492c66a57dfc38b695fd4cc6d86814cb3ce87edda77c9b32cf4735,output/5/0.5/time_DFL_MM_TinyImagenet_resnet8_200_lr0.01_2026_05_23_00_15_29_numuser10_clientSelection_comprehensive_0.8_0.0_0.2_tagseed42_beta0.5_dflmm
0.5,42,DFL_MM,comm,66cb89a33c42f08a09afa6f5b3936fb8fa5ae8e8e9a049152a754a132df044c8,output/5/0.5/comm_DFL_MM_TinyImagenet_resnet8_200_lr0.01_2026_05_23_00_15_29_numuser10_clientSelection_comprehensive_0.8_0.0_0.2_tagseed42_beta0.5_dflmm
0.5,42,DFedPGP,test_acc,ae44d550879ed61f73114d687e88d5e91ac9813715730ae42b9f6b2bf09023e7,output/5/0.5/test_acc_DFedPGP_TinyImagenet_resnet8_200_lr0.01_2026_05_24_22_34_38_numuser10_clientSelection_comprehensive_0.8_0.0_0.2_tagseed42_beta0.5_dfedpgp
0.5,42,DFedPGP,time,5d4cce301c91a05bcbfe547fa3bb1627a4d944a412636080fb89b4a013574767,output/5/0.5/time_DFedPGP_TinyImagenet_resnet8_200_lr0.01_2026_05_24_22_34_38_numuser10_clientSelection_comprehensive_0.8_0.0_0.2_tagseed42_beta0.5_dfedpgp
0.5,42,DFedPGP,comm,f56a1f3c9f3bb1e48efb1dd595be65cc272bd4e5d90aa8139fe25b6dcb8a6ee7,output/5/0.5/comm_DFedPGP_TinyImagenet_resnet8_200_lr0.01_2026_05_24_22_34_38_numuser10_clientSelection_comprehensive_0.8_0.0_0.2_tagseed42_beta0.5_dfedpgp
0.5,42,LD_SGD,test_acc,9c8c2a06e4cd2d39db972a6ea9daad57d9fd52005b9809a37e0748f1566c0c42,output/5/0.5/test_acc_LD_SGD_TinyImagenet_resnet8_200_lr0.01_2026_05_24_22_58_29_numuser10_clientSelection_comprehensive_0.8_0.0_0.2_tagseed42_beta0.5_ldsgd
0.5,42,LD_SGD,time,c49c6bd9d08d7ab50b219f5d121fffb2d9de8d8088066b5f9e6e6793a8778c10,output/5/0.5/time_LD_SGD_TinyImagenet_resnet8_200_lr0.01_2026_05_24_22_58_29_numuser10_clientSelection_comprehensive_0.8_0.0_0.2_tagseed42_beta0.5_ldsgd
0.5,42,LD_SGD,comm,9110ad25db655b16b40d2f3ab1382737409383105ebcd1c9d3bc4b1a37f8820b,output/5/0.5/comm_LD_SGD_TinyImagenet_resnet8_200_lr0.01_2026_05_24_22_58_29_numuser10_clientSelection_comprehensive_0.8_0.0_0.2_tagseed42_beta0.5_ldsgd
0.5,1024,AutoRL_DFL_MM,test_acc,cb1a729ad0ae63376d2872d03522f0dd0f30292eb097d6419fb5492f33d715d8,output/5/0.5/test_acc_AutoRL_DFL_MM_TinyImagenet_resnet8_200_lr0.01_2026_05_23_03_52_12_numuser10_clientSelection_autorl_tagseed1024_beta0.5_autorl
0.5,1024,AutoRL_DFL_MM,time,8db498124a69d5398e43aa0eaa87d4288734433d62dd8ea004714fb2534365a6,output/5/0.5/time_AutoRL_DFL_MM_TinyImagenet_resnet8_200_lr0.01_2026_05_23_03_52_12_numuser10_clientSelection_autorl_tagseed1024_beta0.5_autorl
0.5,1024,AutoRL_DFL_MM,comm,fe60b13432260490eece809422571baf03efcf57a5a7321450683da7938d7047,output/5/0.5/comm_AutoRL_DFL_MM_TinyImagenet_resnet8_200_lr0.01_2026_05_23_03_52_12_numuser10_clientSelection_autorl_tagseed1024_beta0.5_autorl
0.5,1024,DFL,test_acc,609d5508036b23d9617cb9a4c2a7755d7d0395beff672bfc3ba47f1caf1bb2c2,output/5/0.5/test_acc_DFL_TinyImagenet_resnet8_200_lr0.01_2026_05_25_03_21_03_numuser10_clientSelection_comprehensive_0.8_0.0_0.2_tagseed1024_beta0.5_dfl
0.5,1024,DFL,time,0ba3236470e094d010c394b3c8dfad9b48c291540964bcdc778125c6a673ae4c,output/5/0.5/time_DFL_TinyImagenet_resnet8_200_lr0.01_2026_05_25_03_21_03_numuser10_clientSelection_comprehensive_0.8_0.0_0.2_tagseed1024_beta0.5_dfl
0.5,1024,DFL,comm,be382dd2a95fe4347f69e3be18703e74e74f6d19db94fd94ec2ed90b94853423,output/5/0.5/comm_DFL_TinyImagenet_resnet8_200_lr0.01_2026_05_25_03_21_03_numuser10_clientSelection_comprehensive_0.8_0.0_0.2_tagseed1024_beta0.5_dfl
0.5,1024,DFL_MM,test_acc,f229eafa038ff216b62163ce1e875b9c659dbbaabbc4fb4cb79bc414a6b3bfe8,output/5/0.5/test_acc_DFL_MM_TinyImagenet_resnet8_200_lr0.01_2026_05_23_03_49_32_numuser10_clientSelection_comprehensive_0.8_0.0_0.2_tagseed1024_beta0.5_dflmm
0.5,1024,DFL_MM,time,fd6baec820fb2dc22b98d9b532b18b4b904e7da51b6758875bd6eb7ae27e575b,output/5/0.5/time_DFL_MM_TinyImagenet_resnet8_200_lr0.01_2026_05_23_03_49_32_numuser10_clientSelection_comprehensive_0.8_0.0_0.2_tagseed1024_beta0.5_dflmm
0.5,1024,DFL_MM,comm,66cb89a33c42f08a09afa6f5b3936fb8fa5ae8e8e9a049152a754a132df044c8,output/5/0.5/comm_DFL_MM_TinyImagenet_resnet8_200_lr0.01_2026_05_23_03_49_32_numuser10_clientSelection_comprehensive_0.8_0.0_0.2_tagseed1024_beta0.5_dflmm
0.5,1024,DFedPGP,test_acc,7965ff81f342299e8b33c18ecaae8b1cf0650e91a21ef93ef0c0f54202d84e56,output/5/0.5/test_acc_DFedPGP_TinyImagenet_resnet8_200_lr0.01_2026_05_25_03_28_36_numuser10_clientSelection_comprehensive_0.8_0.0_0.2_tagseed1024_beta0.5_dfedpgp
0.5,1024,DFedPGP,time,e6fb64d37cc12c700ce072cd174c32d18e654555ff0f6bf869fc09bc79ef4f84,output/5/0.5/time_DFedPGP_TinyImagenet_resnet8_200_lr0.01_2026_05_25_03_28_36_numuser10_clientSelection_comprehensive_0.8_0.0_0.2_tagseed1024_beta0.5_dfedpgp
0.5,1024,DFedPGP,comm,86d2f75c0686e7258b476b67d304e107ca9d207a36b00a4a169a3889141685b3,output/5/0.5/comm_DFedPGP_TinyImagenet_resnet8_200_lr0.01_2026_05_25_03_28_36_numuser10_clientSelection_comprehensive_0.8_0.0_0.2_tagseed1024_beta0.5_dfedpgp
0.5,1024,LD_SGD,test_acc,c5be2b983235e4ff530ea6b75e642a72595b45a40ea3220f7434b403f7a16c83,output/5/0.5/test_acc_LD_SGD_TinyImagenet_resnet8_200_lr0.01_2026_05_25_03_42_47_numuser10_clientSelection_comprehensive_0.8_0.0_0.2_tagseed1024_beta0.5_ldsgd
0.5,1024,LD_SGD,time,fe131d7dde5522a43e0dbbcb86567d2c604466de54acae32647ff2de76a370b3,output/5/0.5/time_LD_SGD_TinyImagenet_resnet8_200_lr0.01_2026_05_25_03_42_47_numuser10_clientSelection_comprehensive_0.8_0.0_0.2_tagseed1024_beta0.5_ldsgd
0.5,1024,LD_SGD,comm,b04b50d6535997fcb9ec2b24c37225231873b08bd1d01336825d6e449e3941a1,output/5/0.5/comm_LD_SGD_TinyImagenet_resnet8_200_lr0.01_2026_05_25_03_42_47_numuser10_clientSelection_comprehensive_0.8_0.0_0.2_tagseed1024_beta0.5_ldsgd
